Topic,Response
Help,You can start this chat by asking about coffee or any specific topic related to it. I'll provide information and answer your questions about coffee.
What is Coffee?,"Coffee is a popular caffeinated beverage enjoyed worldwide. It's made from roasted coffee beans and can be prepared in various ways, each with its unique flavor."
Types of Coffee,"There are numerous types of coffee, including Espresso, Americano, Cappuccino, Latte, and more, each offering a distinct taste and preparation method."
Coffee Brewing Methods,"Coffee brewing methods vary, with options like French press, pour-over, espresso, cold brew, and Turkish coffee, each providing a different coffee experience."
Coffee Beans,"Coffee beans come in two primary varieties: Arabica and Robusta, each with its unique flavor profile and characteristics."
Coffee Culture,"Coffee culture varies around the world, with unique traditions, rituals, and the role of coffee shops and cafes in different societies."
Benefits of Coffee,"Coffee offers various benefits, including increased alertness, improved mood, and potential health advantages due to its antioxidants."
Coffee in History,"Coffee has a rich history dating back centuries, with its origins in Ethiopia and a significant role in global trade and culture."
Coffee Around the World,"Coffee is enjoyed worldwide, with each region having its coffee traditions and specialties, such as Italian espresso or Turkish coffee."
Coffee and Health,"Coffee consumption is associated with several potential health benefits, but moderation is key to enjoy these advantages."
Coffee Recipes,"You can explore a variety of coffee recipes, from classic favorites like cappuccinos to trendy creations like cold brew with flavored syrups."
Fair Trade Coffee,"Fair trade coffee promotes ethical and sustainable practices in coffee production, ensuring fair wages and working conditions for farmers."
Coffee and Sustainability,Sustainability in coffee production is essential to preserve the environment and ensure a future for coffee. It involves responsible farming practices and reducing waste.
Coffee Varietals,"Coffee varietals refer to different coffee bean varieties, such as Bourbon, Typica, Geisha, and more, each offering distinct flavor profiles and growing conditions."
Coffee Roasting,"Coffee roasting is a crucial step in coffee production, with roasters carefully controlling the roast level to bring out specific flavors."
Coffee Grind Size,"The size of coffee grounds affects the taste of your brew, with options like coarse, medium, and fine grind sizes suited for various brewing methods."
Coffee Brewing Equipment,"Various coffee brewing equipment, such as French presses, espresso machines, pour-over kits, and AeroPress, provide unique brewing experiences."
Coffee Blends,Coffee blends combine multiple coffee varietals to create a balanced and flavorful coffee with a consistent taste.
Coffee and Food Pairing,"Coffee and food pairing can enhance your culinary experience, with suggestions for pairing coffee with pastries, chocolates, or savory dishes."
Cold Brew Coffee,"Cold brew coffee is made by steeping coffee grounds in cold water for an extended period, resulting in a smooth and less acidic coffee concentrate."
Iced Coffee,"Iced coffee is a refreshing beverage made by chilling brewed coffee and serving it over ice, often sweetened or flavored."
Coffee in Pop Culture,"Coffee frequently appears in popular culture, from iconic coffee shop scenes in movies to coffee-themed songs and references in literature."
Coffee Art,"Coffee art, also known as latte art, involves creating intricate designs on the surface of espresso-based drinks using steamed milk."
Coffee Storage,"Proper coffee storage is essential to maintain freshness, with airtight containers and cool, dark places being ideal for preserving coffee beans."
Coffee Bean Origins,"Coffee bean origins influence the flavor of the coffee, with coffee-producing countries like Ethiopia, Colombia, and Brazil offering unique tastes."
Coffee Myths and Facts,Coffee has its fair share of myths and facts. Let's explore the truth behind common coffee misconceptions and enlightening facts.
Decaffeinated Coffee,Decaffeinated coffee is a great option for those who want to enjoy coffee without caffeine. It's made by removing most of the caffeine content.
Coffee as a Social Ritual,"Coffee often serves as a social ritual, bringing people together for conversations, business meetings, or simply enjoying quality time with friends."
Coffee Flavors and Aromas,"The diverse world of coffee offers an array of flavors and aromas, ranging from fruity and floral to nutty and chocolatey."
Coffee Brewing Gadgets,"Coffee brewing gadgets, such as the AeroPress, Chemex, or siphon coffee maker, allow coffee enthusiasts to experiment with unique brews."
Coffee and the Morning Routine,"For many, coffee is an essential part of their morning routine, providing a much-needed energy boost to kickstart the day."
Coffee in Art and Literature,"Coffee frequently appears in art and literature, with countless paintings, poems, and novels celebrating its allure and significance."
Coffee Etiquette,"Coffee etiquette varies around the world, from the Italian espresso shot to Turkish coffee ceremonies, each with its customs."
Coffee and the Environment,"The coffee industry is making strides in sustainability and environmental responsibility, focusing on eco-friendly farming and packaging."
Coffee in Different Cultures,"Coffee plays a significant role in different cultures, with variations like Japanese iced coffee and Ethiopian coffee ceremonies."
Coffee Subscription Services,"Coffee subscription services deliver freshly roasted beans to your doorstep, allowing you to explore new flavors and support small roasters."
Coffee and the Senses,"Coffee engages multiple senses, from the aroma of freshly ground beans to the warmth of a well-brewed cup."
Coffee and Roast Profiles,"Roast profiles influence coffee flavor, with options like light, medium, and dark roast offering unique tasting notes."
Coffee in Literature and Poetry,"Discover the presence of coffee in literature and poetry, with references to coffee culture and experiences."
Coffee and Music Festivals,"Music festivals often feature specialty coffee vendors, adding a caffeinated twist to the music scene."
Coffee Innovations in Brewing,"Innovations in coffee brewing include vacuum pots, vacuum pumps, and other creative methods to brew the perfect cup."
Coffee Blends and Origins,Coffee blends combine beans from different origins to create balanced and harmonious flavor profiles.
Coffee Art in Espresso Shots,"Espresso shots can be a canvas for coffee art, with baristas creating intricate designs in the crema."
Coffee and Online Communities,Online coffee communities and forums offer a platform for coffee enthusiasts to share their passion and knowledge.
Coffee in the Workplace,Coffee in the workplace is more than just a daily ritual; it fosters conversations and productivity.
Coffee and Culinary Arts,"Culinary arts incorporate coffee into dishes, such as coffee-rubbed meats and coffee-infused desserts."
Coffee in Gaming Culture,"Gaming culture has embraced coffee, with in-game cafes, characters, and coffee-themed items."
Coffee and Food Safety,Coffee safety involves proper storage and handling to prevent spoilage and maintain freshness.
Coffee and Sustainable Packaging,Sustainable packaging in coffee includes biodegradable bags and compostable containers.
Coffee and Seasonal Varieties,"Seasonal coffee varieties, like pumpkin spice in the fall or iced coffee in the summer, offer seasonal enjoyment."
Coffee and Coffee Mythology,Coffee mythology explores the legends and stories surrounding coffee's discovery and history.
Coffee and Dessert Cafes,"Dessert cafes focus on coffee-infused sweets, like coffee-flavored pastries and cakes."
Coffee Travel Destinations,"Coffee can be a driving force behind travel destinations, from coffee farm tours to coffee-themed vacations."
Coffee and Home Brewing Equipment,Home brewing equipment allows coffee enthusiasts to experiment with different brewing methods and techniques.
Coffee and DIY Coffee Projects,DIY coffee projects range from building your own cold brew tower to crafting homemade coffee-scented candles.
Coffee and Mindfulness,"Coffee and mindfulness connect through the practice of mindful coffee drinking, savoring each sip."
Coffee in Artisanal Coffee Houses,"Artisanal coffee houses prioritize quality and craft, creating unique experiences for coffee lovers."
Coffee in the Future,"The future of coffee may include innovative brewing methods, environmentally conscious practices, and more."
Coffee and Gourmet Chocolate Pairing,"Gourmet chocolate pairs well with coffee, with flavor combinations ranging from dark chocolate to fruity bars."
Coffee and Cold Brew Variations,"Cold brew variations include nitro cold brew and cascara-infused cold brew, offering refreshing alternatives."
Coffee and Coffee Collectibles,"Coffee collectibles encompass vintage coffee grinders, coffee tins, and more, often sought after by collectors."
Coffee and Coffee Culture Podcasts,"Coffee culture podcasts explore coffee topics, trends, and interviews with industry experts."
Coffee in Pop Art,"Coffee appears in pop art, with coffee cups and coffee-related themes inspiring artists."
Coffee and Coffee Competitions,"Coffee competitions feature baristas competing in latte art, brewing, and espresso-making contests."
Coffee and Coffee Art Galleries,"Coffee art galleries showcase coffee-related art and photography, celebrating the beauty of coffee."
Coffee and Baking,Baking with coffee involves recipes like coffee cake and coffee-infused brownies.
Coffee and Scent Marketing,Scent marketing uses coffee aromas to create inviting and comforting environments in coffee shops.
Coffee and Caffeine-Free Alternatives,Caffeine-free alternatives to coffee include herbal teas and decaffeinated coffee options.
Coffee and Coffee Bean Storage,"Proper coffee bean storage involves keeping beans in a cool, dry place to maintain freshness."
Coffee and Historical Coffee Figures,"Historical coffee figures, such as Johann Sebastian Bach and Voltaire, have had a significant connection to coffee."
Coffee and Coffee Farmers,"Coffee farmers around the world work hard to produce high-quality coffee beans, often under challenging conditions."
Coffee and Spices,"Coffee can be paired with spices, such as cardamom and cinnamon, for unique flavor experiences."
Coffee and Craft Beer,"Craft beer and coffee often combine in coffee-infused stouts and porters, resulting in rich and complex flavors."
Coffee and Virtual Coffee Tastings,"Virtual coffee tastings allow participants to explore coffee from the comfort of their own homes, guided by experts."
Coffee and Handmade Coffee Mugs,Handmade coffee mugs offer a personalized touch to your coffee-drinking experience.
Coffee and Coffee Education,"Coffee education is essential for those who want to learn about brewing techniques, coffee origins, and more."
Coffee and Coffee Infused Spirits,"Coffee-infused spirits, like coffee liqueurs and coffee-flavored vodka, offer unique cocktails."
Coffee and Coffee Tourism,Coffee tourism allows coffee lovers to explore coffee-growing regions and learn about the coffee production process.
Coffee and Coffee Pop-Up Shops,Coffee pop-up shops are temporary coffee venues that offer unique coffee experiences for a limited time.
